user_id,First Name,Last Name,Email,Passwords
1,Evelyn,Douglas,e.douglas@randatmail.com,^?Tau8)y
2,Byron,Fowler,b.fowler@randatmail.com,&Ec4k(DG
3,Melissa,Mason,m.mason@randatmail.com,%CT2pX_=
4,Mike,Rogers,m.rogers@randatmail.com,B3}pwx(q
5,Tara,Henderson,t.henderson@randatmail.com,RGar5$e5
6,Brianna,Morgan,b.morgan@randatmail.com,/5w^KJVC
7,Alexander,Reed,a.reed@randatmail.com,})8w>KP}
8,Alina,Hall,a.hall@randatmail.com,3Q42P9>g
9,Roman,Chapman,r.chapman@randatmail.com,$s@2*.rQ
10,Lucy,Armstrong,l.armstrong@randatmail.com,(DL2RDbK
11,Mary,Elliott,m.elliott@randatmail.com,tM!c$*w2
12,Alissa,Carroll,a.carroll@randatmail.com,4RwuNXE.
13,Alen,Elliott,a.elliott@randatmail.com,G8%G{4j_
14,Ada,Turner,a.turner@randatmail.com,?2cDw_F?
15,Mary,Holmes,m.holmes@randatmail.com,/S6fCa7>
16,Owen,Wilson,o.wilson@randatmail.com,3[d7yK^F
17,Frederick,Reed,f.reed@randatmail.com,cF%e.5-8
18,Jenna,Williams,j.williams@randatmail.com,%P86]@3d
19,Justin,Hall,j.hall@randatmail.com,q/hjF5xx
20,Kevin,Kelley,k.kelley@randatmail.com,LqmeY!9g
21,Maria,Sullivan,m.sullivan@randatmail.com,J$5Vr99h
22,Lucas,Ryan,l.ryan@randatmail.com,sEK2&JH%
23,Marcus,Barnes,m.barnes@randatmail.com,Sf&vhW}4
24,Abraham,Allen,a.allen@randatmail.com,tzpuBV/3
25,Dexter,Ferguson,d.ferguson@randatmail.com,.p/_dx3K
26,Ada,Tucker,a.tucker@randatmail.com,LA/kx3wa
27,Alfred,Chapman,a.chapman@randatmail.com,=@t^2wpZ
28,Ted,Morgan,t.morgan@randatmail.com,99>hdfVB
29,Rebecca,Farrell,r.farrell@randatmail.com,_JbvWTb6
30,Michelle,Clark,m.clark@randatmail.com,AXUPb4.A
31,Justin,Murphy,j.murphy@randatmail.com,Vq)CF8nZ
32,Eleanor,Elliott,e.elliott@randatmail.com,z%8YHJW}
33,Chester,Andrews,c.andrews@randatmail.com,Be!2cF5j
34,Maria,Turner,m.turner@randatmail.com,2PK[Afb4
35,Antony,Holmes,a.holmes@randatmail.com,pZ6[dtM8
36,Jared,Stevens,j.stevens@randatmail.com,nMt>=b&6
37,Vincent,Wilson,v.wilson@randatmail.com,4re^}5Ex
38,April,Hall,a.hall@randatmail.com,Lft8n*vf
39,Kimberly,Andrews,k.andrews@randatmail.com,z)S_%)n7
40,Alfred,Campbell,a.campbell@randatmail.com,Z9_/P9&w
41,Alan,Davis,a.davis@randatmail.com,X4tg-fdc
42,Alisa,Wells,a.wells@randatmail.com,(8uA{rFD
43,James,Murray,j.murray@randatmail.com,-UV)f6>M
44,Victoria,Scott,v.scott@randatmail.com,P{-@YP6u
45,Julia,Morgan,j.morgan@randatmail.com,b53VP.(@
46,Stuart,Murray,s.murray@randatmail.com,y3JJwJ&w
47,Lily,Mason,l.mason@randatmail.com,!wf2+wAd
48,Rosie,Scott,r.scott@randatmail.com,6K3yb_uC
49,Robert,Gibson,r.gibson@randatmail.com,)bXBp3$C
50,Miley,Rogers,m.rogers@randatmail.com,5pYS}j2$
51,Vincent,Carroll,v.carroll@randatmail.com,QMNCjr(9
52,Ada,Elliott,a.elliott@randatmail.com,M+!}F9y%
53,Natalie,Barrett,n.barrett@randatmail.com,-p=2rSU-
54,Antony,Harrison,a.harrison@randatmail.com,=3uUZvJ.
55,Adison,Gray,a.gray@randatmail.com,SAg}K&9)
56,Maria,Kelly,m.kelly@randatmail.com,t]6yu5HY
57,Edwin,Myers,e.myers@randatmail.com,t{TJF7(X
58,Alberta,Walker,a.walker@randatmail.com,Q3q>P=d-
59,Alen,Foster,a.foster@randatmail.com,f7rv-Dpu
60,Sophia,Kelley,s.kelley@randatmail.com,5ar!GHTX
61,Fiona,Payne,f.payne@randatmail.com,j[)8K%W]
62,Natalie,Sullivan,n.sullivan@randatmail.com,QJ*V8rhc
63,Leonardo,Farrell,l.farrell@randatmail.com,k*h2UB]r
64,Adelaide,Wilson,a.wilson@randatmail.com,H5qjFDF@
65,Chester,Payne,c.payne@randatmail.com,!B7y/76H
66,Hailey,Brooks,h.brooks@randatmail.com,58MnGgJ[
67,Ellia,Hunt,e.hunt@randatmail.com,3xXT2{5E
68,Sofia,Harper,s.harper@randatmail.com,FKt4xk-y
69,Annabella,Williams,a.williams@randatmail.com,J-cxdr9u
70,Steven,Dixon,s.dixon@randatmail.com,8q7{n%Zj
71,Vincent,Mason,v.mason@randatmail.com,y8&Y8.MR
72,Tony,Wright,t.wright@randatmail.com,PM9d*s3J
73,Sophia,Sullivan,s.sullivan@randatmail.com,)RB)4aR^
74,Vincent,Taylor,v.taylor@randatmail.com,6/s{G9ty
75,Michael,Dixon,m.dixon@randatmail.com,%n4XSrrA
76,Daryl,Henderson,d.henderson@randatmail.com,T.Ys6Su&
77,Lydia,Hill,l.hill@randatmail.com,F7/euqLZ
78,Alexander,Walker,a.walker@randatmail.com,P8rp$z6_
79,Tara,Jones,t.jones@randatmail.com,7e2-{XjT
80,Mike,Mason,m.mason@randatmail.com,3Z7ws?.J
81,Alina,Watson,a.watson@randatmail.com,j?r3YMwj
82,Martin,Nelson,m.nelson@randatmail.com,bp4r/Z/]
83,Kelsey,Brown,k.brown@randatmail.com,xg@83X?.
84,Paul,Phillips,p.phillips@randatmail.com,9H%SkxAA
85,Luke,Anderson,l.anderson@randatmail.com,{*yka9TW
86,Rubie,Harrison,r.harrison@randatmail.com,&2x)6HZf
87,Michael,Elliott,m.elliott@randatmail.com,6$DhW^Gv
88,Alford,Baker,a.baker@randatmail.com,9Mv?Z*NX
89,Evelyn,Cameron,e.cameron@randatmail.com,3!MtTs)h
90,Caroline,Williams,c.williams@randatmail.com,p[m37NAq
91,Andrew,Scott,a.scott@randatmail.com,_&L@Ys6}
92,Rafael,Cole,r.cole@randatmail.com,(]U3d9zR
93,Blake,Brooks,b.brooks@randatmail.com,Sk3r}p.=
94,Sabrina,Murphy,s.murphy@randatmail.com,uvTS!PE3
95,Ada,Thompson,a.thompson@randatmail.com,p?Wx5DW]
96,Brooke,Grant,b.grant@randatmail.com,8RuyQ&4s
97,Alen,Lloyd,a.lloyd@randatmail.com,j_Y4^VBu
98,Jasmine,Alexander,j.alexander@randatmail.com,(8JYc)6D
99,Sienna,Grant,s.grant@randatmail.com,3+^%D[s>
100,Steven,Nelson,s.nelson@randatmail.com,YC7mBR]F
101,Melissa,Watson,m.watson@randatmail.com,8.Z?YUu{
102,Miley,Perkins,m.perkins@randatmail.com,v_75BGa(
103,Richard,Grant,r.grant@randatmail.com,&uu8=.8K
104,Sofia,Carter,s.carter@randatmail.com,F[ehJ3.X
105,Alexia,Evans,a.evans@randatmail.com,Tq+KaYV5
106,Eric,Ferguson,e.ferguson@randatmail.com,K2M4g&{&
107,Harold,Harper,h.harper@randatmail.com,!RtYzt77
108,Clark,Ross,c.ross@randatmail.com,nTU!5b>9
109,Brianna,Brown,b.brown@randatmail.com,tt6@Qp*M
110,Arthur,Hill,a.hill@randatmail.com,kDu^?52*
111,Joyce,Phillips,j.phillips@randatmail.com,Pkw-M+8X
112,Stella,Kelley,s.kelley@randatmail.com,}F5!EsJ9
113,Bruce,Johnson,b.johnson@randatmail.com,B9Ldf]Q[
114,Kelsey,Perry,k.perry@randatmail.com,z(JGh_f6
115,Amber,Wilson,a.wilson@randatmail.com,AP]H7%es
116,Amanda,Morgan,a.morgan@randatmail.com,j7}D@(Ch
117,Alexia,Davis,a.davis@randatmail.com,E8YjR/)!
118,Sarah,Crawford,s.crawford@randatmail.com,dR{*7n*B
119,Charlotte,Scott,c.scott@randatmail.com,sQNDX(7-
120,Connie,Morris,c.morris@randatmail.com,%^U6cGx^
121,Brad,Campbell,b.campbell@randatmail.com,6M6YCvR$
122,Owen,Bailey,o.bailey@randatmail.com,s5r>JjAF
123,Sienna,Barrett,s.barrett@randatmail.com,[Gybuw7Z
124,Carl,Morgan,c.morgan@randatmail.com,9sew!cRB
125,Audrey,Harrison,a.harrison@randatmail.com,3bC)MxCS
126,Melanie,Morris,m.morris@randatmail.com,$P/MAp9P
127,Dexter,Morrison,d.morrison@randatmail.com,^T(U2yAw
128,Edgar,Hall,e.hall@randatmail.com,]j8[D{a4
129,Kevin,Cameron,k.cameron@randatmail.com,hr.3FGU{
130,Adele,Murray,a.murray@randatmail.com,J9=BtgY[
131,Jack,Wilson,j.wilson@randatmail.com,ba2Ye)J=
132,Gianna,Myers,g.myers@randatmail.com,8Lx]2YyL
133,Belinda,Nelson,b.nelson@randatmail.com,TV{j%7gd
134,Amber,Kelly,a.kelly@randatmail.com,b6.aYvN[
135,Freddie,Campbell,f.campbell@randatmail.com,a@A76XC/
136,Vanessa,Clark,v.clark@randatmail.com,G9=QMw*%
137,Harold,Casey,h.casey@randatmail.com,3q-Kj]&T
138,Michael,Andrews,m.andrews@randatmail.com,bs!EBw6(
139,Bruce,Baker,b.baker@randatmail.com,=@3W]Ks-
140,Aston,Brown,a.brown@randatmail.com,x3Nzsb(s
141,Adrianna,Johnston,a.johnston@randatmail.com,{b962Y[d
142,Preston,Miller,p.miller@randatmail.com,qR+vz_}8
143,Myra,Kelly,m.kelly@randatmail.com,C=EZjz3$
144,Alisa,Elliott,a.elliott@randatmail.com,-Pk9^fhy
145,Emily,Anderson,e.anderson@randatmail.com,-656Nv/z
146,Carlos,Dixon,c.dixon@randatmail.com,T@)7w)*?
147,Julia,Cooper,j.cooper@randatmail.com,$[j?V4fK
148,Arianna,Phillips,a.phillips@randatmail.com,(cEB&4!+
149,Michael,Fowler,m.fowler@randatmail.com,5t35dQM*
150,James,Russell,j.russell@randatmail.com,(8zVhGfL
151,Dainton,Owens,d.owens@randatmail.com,s3{vjQ2]
152,Deanna,Edwards,d.edwards@randatmail.com,Yu4+z*h!
153,William,Morris,w.morris@randatmail.com,FE3h>?9y
154,Aida,Kelly,a.kelly@randatmail.com,_jL-/+y8
155,Catherine,Morrison,c.morrison@randatmail.com,9FPL-&f[
156,Tony,Scott,t.scott@randatmail.com,.q2X/PJS
157,Tara,Barrett,t.barrett@randatmail.com,{7.qsuHT
158,Ellia,Montgomery,e.montgomery@randatmail.com,hT8sd?@v
159,Amy,Cole,a.cole@randatmail.com,4J%bu_{G
160,Patrick,Holmes,p.holmes@randatmail.com,%z@U9b*t
161,Stella,Parker,s.parker@randatmail.com,]62*+Ht[
162,Lana,Gibson,l.gibson@randatmail.com,K76vyCv+
163,Evelyn,Watson,e.watson@randatmail.com,@9JREenu
164,Alissa,Williams,a.williams@randatmail.com,kz>f4bpM
165,Julian,Hamilton,j.hamilton@randatmail.com,9KgUs>a=
166,Carlos,Hawkins,c.hawkins@randatmail.com,_W7/FTMe
167,Freddie,Tucker,f.tucker@randatmail.com,84L.MtjW
168,Kate,Watson,k.watson@randatmail.com,}?5e{WGz
169,Michael,Wells,m.wells@randatmail.com,GN)6ZKfs
170,Brooke,Roberts,b.roberts@randatmail.com,+nA4m!TZ
171,Carlos,Scott,c.scott@randatmail.com,SK6CRh}t
172,Alissa,Allen,a.allen@randatmail.com,shU8Prj/
173,Vanessa,Myers,v.myers@randatmail.com,{UPejg4Z
174,Daryl,Russell,d.russell@randatmail.com,)um6yGWT
175,Ryan,Turner,r.turner@randatmail.com,Tj4&nS5E
176,Arnold,Thompson,a.thompson@randatmail.com,![rwEZ5n
177,Alina,Clark,a.clark@randatmail.com,)X8}Uq^2
178,Sofia,Perkins,s.perkins@randatmail.com,!QQG2t]B
179,Lilianna,Stevens,l.stevens@randatmail.com,j*rGDZ4u
180,Vivian,Miller,v.miller@randatmail.com,De7Yg-C)
181,Stella,Russell,s.russell@randatmail.com,Q+@7{M_a
182,Heather,Watson,h.watson@randatmail.com,4+G)jRa{
183,Tony,Riley,t.riley@randatmail.com,k*P94ArP
184,Belinda,Alexander,b.alexander@randatmail.com,9HcCRqU*
185,Lilianna,Cunningham,l.cunningham@randatmail.com,>bMs6[e.
186,Frederick,Johnston,f.johnston@randatmail.com,CHXq3b)q
187,Adam,Evans,a.evans@randatmail.com,2vS.9%rp
188,Nicole,Adams,n.adams@randatmail.com,WvVW9^s(
189,Sienna,Mason,s.mason@randatmail.com,{g=JK2?v
190,Chester,Henderson,c.henderson@randatmail.com,G75R)wKr
191,Evelyn,Turner,e.turner@randatmail.com,h)2}@jCg
192,Harold,Baker,h.baker@randatmail.com,+3}DBY_h
193,Julian,Perry,j.perry@randatmail.com,>NaKAgB4
194,Maximilian,Mitchell,m.mitchell@randatmail.com,?m3s)%YQ
195,Lily,Evans,l.evans@randatmail.com,My64UA_n
196,Carlos,Armstrong,c.armstrong@randatmail.com,Vg9zN*aE
197,Maya,Ferguson,m.ferguson@randatmail.com,+dV8^+!]
198,Ashton,Mason,a.mason@randatmail.com,_J{4LHm.
199,Maddie,Stevens,m.stevens@randatmail.com,+8JaZ^)P
200,Aston,Scott,a.scott@randatmail.com,D+n*>)2w
201,Naomi,Stewart,n.stewart@randatmail.com,%7xp4HUU
202,Audrey,Stewart,a.stewart@randatmail.com,=Ah6vpEu
203,Ada,Richards,a.richards@randatmail.com,V-aJW8mG
204,Audrey,Evans,a.evans@randatmail.com,)R9wxu2_
205,Dominik,Roberts,d.roberts@randatmail.com,]xAU9m=$
206,Carl,West,c.west@randatmail.com,$FEj593R
207,Maya,Stevens,m.stevens@randatmail.com,*Rk9t[-8
208,Mike,Watson,m.watson@randatmail.com,qp@>W3)N
209,Roman,Murray,r.murray@randatmail.com,r6fY}+Cd
210,Alan,Barrett,a.barrett@randatmail.com,Wpy3$Z&$
211,Vanessa,Crawford,v.crawford@randatmail.com,.pvTY^38
212,Alexander,Jones,a.jones@randatmail.com,{T4UL3t9
213,Garry,Richards,g.richards@randatmail.com,wzNdH7)]
214,Jack,Phillips,j.phillips@randatmail.com,k&=!{GY6
215,Myra,Martin,m.martin@randatmail.com,8URP6bn/
216,Maddie,Miller,m.miller@randatmail.com,7BxZ[*+Y
217,Lucia,Douglas,l.douglas@randatmail.com,V_Gg9X[+
218,Elise,Johnston,e.johnston@randatmail.com,G]Y32_dA
219,Agata,Anderson,a.anderson@randatmail.com,teX6{-Y-
220,Elise,Rogers,e.rogers@randatmail.com,ryg5FjQ{
221,Arnold,Johnston,a.johnston@randatmail.com,r.bY4$zg
222,James,Payne,j.payne@randatmail.com,8sPUn%>A
223,Brianna,Nelson,b.nelson@randatmail.com,b.$J5?t=
224,Kevin,Robinson,k.robinson@randatmail.com,s7}]4-cL
225,Richard,Stewart,r.stewart@randatmail.com,9Q)YH$ag
226,Jenna,West,j.west@randatmail.com,2F}^n9Ss
227,Miley,Barnes,m.barnes@randatmail.com,Xg^6GA?.
228,Arthur,Ellis,a.ellis@randatmail.com,Nk{f8mZG
229,Violet,Harris,v.harris@randatmail.com,Z!N3Qj-D
230,James,Payne,j.payne@randatmail.com,%k*7E@mZ
231,Andrew,Carroll,a.carroll@randatmail.com,hVN.n4@6
232,Melanie,Reed,m.reed@randatmail.com,(XdSv[8}
233,Alexia,West,a.west@randatmail.com,Rf!dz7>t
234,Adrianna,Casey,a.casey@randatmail.com,C!&(zG7]
235,Amanda,Ferguson,a.ferguson@randatmail.com,PseV8b^k
236,William,Payne,w.payne@randatmail.com,DY)3zBaj
237,John,Nelson,j.nelson@randatmail.com,umna}k6E
238,Myra,Scott,m.scott@randatmail.com,2>qR}+hL
239,Dexter,Elliott,d.elliott@randatmail.com,V3p2FHj[
240,Lana,Gray,l.gray@randatmail.com,a52hZg7{
241,Freddie,Kelly,f.kelly@randatmail.com,9CxcQ_j}
242,Myra,Ellis,m.ellis@randatmail.com,ETmg%7pH
243,David,Payne,d.payne@randatmail.com,TEqc@w}5
244,Carlos,Alexander,c.alexander@randatmail.com,2]XbjC_Q
245,Alfred,Murray,a.murray@randatmail.com,z2fvW(8V
246,Henry,Cooper,h.cooper@randatmail.com,*RPCsP9G
247,William,Martin,w.martin@randatmail.com,eP=8eLgx
248,Edith,Cunningham,e.cunningham@randatmail.com,V_-3=h>W
249,Kristian,Smith,k.smith@randatmail.com,X=K7)dq6
250,Lenny,Richardson,l.richardson@randatmail.com,Ru6L*w5[
251,Dexter,Rogers,d.rogers@randatmail.com,?q6^d5FK
252,Alina,Andrews,a.andrews@randatmail.com,?PCJJx56
253,Belinda,Allen,b.allen@randatmail.com,+(SNt56$
254,Charlie,Davis,c.davis@randatmail.com,5/?F2Bvz
255,Steven,Foster,s.foster@randatmail.com,j(f8dX9w
256,Mary,Perry,m.perry@randatmail.com,9vR5m^-j
257,Abraham,Chapman,a.chapman@randatmail.com,{4RX^ECc
258,Lana,Martin,l.martin@randatmail.com,EhzDC_[9
259,Spike,Crawford,s.crawford@randatmail.com,J3cH@m=$
260,Adele,Dixon,a.dixon@randatmail.com,^c{x*-3L
261,Catherine,Dixon,c.dixon@randatmail.com,_f>qBjJ3
262,Paul,Clark,p.clark@randatmail.com,{{M2zLsB
263,Jack,Martin,j.martin@randatmail.com,tWa.7Ha^
264,Maximilian,Bennett,m.bennett@randatmail.com,L53z3_]u
265,Savana,Ferguson,s.ferguson@randatmail.com,8s-bsGPA
266,Adrian,Reed,a.reed@randatmail.com,gY8r$yZ*
267,Bruce,Anderson,b.anderson@randatmail.com,r^jXY2rW
268,Naomi,Farrell,n.farrell@randatmail.com,(328Nrx}
269,Ryan,Ferguson,r.ferguson@randatmail.com,_bDa)N78
270,Preston,Holmes,p.holmes@randatmail.com,7$SpyCHw
271,Sofia,Watson,s.watson@randatmail.com,x5&_3DVQ
272,Kristian,Perkins,k.perkins@randatmail.com,6P&Ugpvk
273,Adele,Hall,a.hall@randatmail.com,3B(ESH@m
274,Walter,Morris,w.morris@randatmail.com,!3q(E.$9
275,Ashton,Ryan,a.ryan@randatmail.com,kAE29p![
276,Catherine,Alexander,c.alexander@randatmail.com,H6Jd[V5V
277,Vincent,Mason,v.mason@randatmail.com,[5-%d+A9
278,Frederick,Crawford,f.crawford@randatmail.com,_sy8JXpy
279,Harold,Morrison,h.morrison@randatmail.com,U94N%[n5
280,Jessica,Kelley,j.kelley@randatmail.com,xuVxux+9
281,Daryl,Hawkins,d.hawkins@randatmail.com,ec!nHa8}
282,Kevin,Perry,k.perry@randatmail.com,f}dGw5^w
283,Kellan,Morgan,k.morgan@randatmail.com,L7>%mA!G
284,Daryl,Hunt,d.hunt@randatmail.com,PWb/D?f5
285,Annabella,Harper,a.harper@randatmail.com,akp{(4Tt
286,Ted,Moore,t.moore@randatmail.com,HS47!d+Q
287,Sydney,Payne,s.payne@randatmail.com,WF9QMy6%
288,Jordan,Nelson,j.nelson@randatmail.com,-snG2h6N
289,Elise,Clark,e.clark@randatmail.com,.VB4vFm.
290,Adrian,Richardson,a.richardson@randatmail.com,s94WCKn&
291,Kelvin,Taylor,k.taylor@randatmail.com,cjXHK6+G
292,Kate,Taylor,k.taylor@randatmail.com,5R*-CY_a
293,Vivian,Harris,v.harris@randatmail.com,4A3y[TVE
294,Agata,Ross,a.ross@randatmail.com,f2CSgne@
295,Jacob,Stevens,j.stevens@randatmail.com,*dsP3Szm
296,Julia,Crawford,j.crawford@randatmail.com,e5SkTB!W
297,Alberta,Wells,a.wells@randatmail.com,{&Q]u7x]
298,Eleanor,Brown,e.brown@randatmail.com,%^P+B3-x
299,Victoria,Adams,v.adams@randatmail.com,.E+$m?9y
300,Julia,Baker,j.baker@randatmail.com,EKKUL6(j
301,George,Robinson,g.robinson@randatmail.com,QEnU*2TZ
302,Emma,Grant,e.grant@randatmail.com,{s?zU4cA
303,Reid,Holmes,r.holmes@randatmail.com,]fHU8%cD
304,Alen,Thompson,a.thompson@randatmail.com,]q59-sjX
305,George,Ferguson,g.ferguson@randatmail.com,b*HX3.kX
306,Ned,Rogers,n.rogers@randatmail.com,a)_)B}3R
307,James,Spencer,j.spencer@randatmail.com,S+R3vM2D
308,Justin,Tucker,j.tucker@randatmail.com,&S$GE3m=
309,Maddie,Cole,m.cole@randatmail.com,D2P3nHY)
310,David,Wright,d.wright@randatmail.com,4hV$5VyB
311,Miranda,Rogers,m.rogers@randatmail.com,zh+X2Fev
312,Kevin,Payne,k.payne@randatmail.com,^Z53-a6J
313,Wilson,Johnson,w.johnson@randatmail.com,W-_F8))r
314,Walter,Cunningham,w.cunningham@randatmail.com,RcvL4mM?
315,Honey,Russell,h.russell@randatmail.com,D}B7JV@f
316,Miller,Montgomery,m.montgomery@randatmail.com,Q}cBUH6w
317,Tyler,Armstrong,t.armstrong@randatmail.com,uL7rNTz)
318,Frederick,Harper,f.harper@randatmail.com,K4p(AzNn
319,Joyce,Tucker,j.tucker@randatmail.com,NR&4t{Y]
320,Adam,Allen,a.allen@randatmail.com,q]wv=A$7
321,Daisy,Warren,d.warren@randatmail.com,r!De!9XX
322,Albert,Mitchell,a.mitchell@randatmail.com,nmY$R7Un
323,Jared,Cole,j.cole@randatmail.com,Kd+8ZnHx
324,Vincent,Wells,v.wells@randatmail.com,f3^9HfYq
325,Frederick,Richardson,f.richardson@randatmail.com,*c5(N9Ey
326,Kelsey,Parker,k.parker@randatmail.com,uv4@(/L[
327,Kellan,Brooks,k.brooks@randatmail.com,ENeC8HD{
328,Charlie,Wells,c.wells@randatmail.com,x%%p?3UC
329,Alan,Allen,a.allen@randatmail.com,u3fE>anB
330,Alfred,Kelley,a.kelley@randatmail.com,5*AkhZ/m
331,Stella,Myers,s.myers@randatmail.com,bE>)*5y_
332,Grace,Thompson,g.thompson@randatmail.com,Tv{@=*.7
333,Samantha,Murphy,s.murphy@randatmail.com,xy}kH4Yt
334,Nicole,Allen,n.allen@randatmail.com,VYD)Jy4B
335,Lily,Campbell,l.campbell@randatmail.com,@sG_f35?
336,Belinda,Gray,b.gray@randatmail.com,}g]{mU9b
337,Edwin,Henderson,e.henderson@randatmail.com,4.k&77H*
338,Abraham,Roberts,a.roberts@randatmail.com,_X7W!j(r
339,Carina,Mitchell,c.mitchell@randatmail.com,Y7hSXJ_7
340,Max,Reed,m.reed@randatmail.com,9=2bmR=V
341,Kellan,Sullivan,k.sullivan@randatmail.com,S-7-^2ke
342,Edgar,Morrison,e.morrison@randatmail.com,R7bHQA$L
343,Penelope,Payne,p.payne@randatmail.com,Ly5@gQ!6
344,Rosie,Baker,r.baker@randatmail.com,hekx4A[7
345,Lilianna,Nelson,l.nelson@randatmail.com,xxe*WpX5
346,Darcy,Kelly,d.kelly@randatmail.com,2=tkr7D2
347,Victoria,Miller,v.miller@randatmail.com,+5zWF%ky
348,Maddie,Fowler,m.fowler@randatmail.com,2!k/6AUJ
349,Dale,Holmes,d.holmes@randatmail.com,bPcF2^G.
350,Camila,Rogers,c.rogers@randatmail.com,f_B9K7SC
351,Alen,Barnes,a.barnes@randatmail.com,@3U3]pZ5
352,Alisa,Campbell,a.campbell@randatmail.com,Xzv4Xzk]
353,Jasmine,Elliott,j.elliott@randatmail.com,RpzW7*g4
354,Harold,Miller,h.miller@randatmail.com,s&@e6J!P
355,Alissa,Cooper,a.cooper@randatmail.com,8X{z_^jN
356,Edwin,Casey,e.casey@randatmail.com,W6/F/2jw
357,Sam,Barrett,s.barrett@randatmail.com,}5Usdq-q
358,Thomas,Parker,t.parker@randatmail.com,B>6Z&Ntm
359,Alen,Richards,a.richards@randatmail.com,Jzmb}AY7
360,Julian,Crawford,j.crawford@randatmail.com,u2>A=tvC
361,Honey,Moore,h.moore@randatmail.com,9PSH$2se
362,Jack,Rogers,j.rogers@randatmail.com,ps3p)g4S
363,Adrian,Adams,a.adams@randatmail.com,V[X}A9vU
364,Arnold,Clark,a.clark@randatmail.com,%8MtE.3s
365,April,Higgins,a.higgins@randatmail.com,&H22^QSv
366,Kelsey,Clark,k.clark@randatmail.com,G4rv/2ny
367,Belinda,Holmes,b.holmes@randatmail.com,y=}5S[5h
368,Oliver,Campbell,o.campbell@randatmail.com,rf!)f3K{
369,Maddie,Turner,m.turner@randatmail.com,KV+d3Wms
370,Penelope,Williams,p.williams@randatmail.com,_+3cB+KN
371,Adrian,Thomas,a.thomas@randatmail.com,R!-3fBJ%
372,Leonardo,Wright,l.wright@randatmail.com,XH4]_*2s
373,Cadie,Richardson,c.richardson@randatmail.com,z}cW87bq
374,Patrick,Miller,p.miller@randatmail.com,wR%8rT$?
375,Sawyer,Carter,s.carter@randatmail.com,E7Wcf?g)
376,Roland,Craig,r.craig@randatmail.com,]PynJ2_5
377,George,Sullivan,g.sullivan@randatmail.com,SSezW7c=
378,Victoria,Holmes,v.holmes@randatmail.com,5vKsj&z!
379,Camila,Morris,c.morris@randatmail.com,uBh4xU}@
380,Daisy,Morrison,d.morrison@randatmail.com,2DFnxBH)
381,Melissa,Bailey,m.bailey@randatmail.com,4>nXKwEX
382,Caroline,Farrell,c.farrell@randatmail.com,Y^!gFZ*8
383,Kimberly,Robinson,k.robinson@randatmail.com,>KrP->2D
384,Walter,Rogers,w.rogers@randatmail.com,]BN_wJ4D
385,Rubie,Roberts,r.roberts@randatmail.com,{p_)t7Te
386,Tyler,Russell,t.russell@randatmail.com,3D+XXL_f
387,Tara,Carter,t.carter@randatmail.com,-hxc2LpY
388,Frederick,Henderson,f.henderson@randatmail.com,2%Gx>bmU
389,Luke,Morris,l.morris@randatmail.com,-Rx}(R7w
390,Kimberly,Crawford,k.crawford@randatmail.com,S9Es)$Bm
391,Victoria,Hill,v.hill@randatmail.com,{tA2grLN
392,Brianna,Thomas,b.thomas@randatmail.com,4vPZc/[V
393,Tiana,Johnson,t.johnson@randatmail.com,?-}6vHcS
394,Haris,Douglas,h.douglas@randatmail.com,BmB%8RLf
395,William,Alexander,w.alexander@randatmail.com,}MQp579R
396,Vanessa,Hall,v.hall@randatmail.com,x}W{7@%f
397,Freddie,Spencer,f.spencer@randatmail.com,L5Um!&nG
398,Victoria,Ross,v.ross@randatmail.com,3.bfsCF6
399,Myra,Adams,m.adams@randatmail.com,Kd?U{f4q
400,Justin,Thomas,j.thomas@randatmail.com,6Bq@8pj3
401,Leonardo,Bailey,l.bailey@randatmail.com,.uu]4PTW
402,Chester,Davis,c.davis@randatmail.com,KzGht4&}
403,Kelsey,Gray,k.gray@randatmail.com,c7EKe{!S
404,Jenna,Barnes,j.barnes@randatmail.com,&3En!L}[
405,Connie,Morgan,c.morgan@randatmail.com,4%YfbH6f
406,Amelia,Parker,a.parker@randatmail.com,r!DS8Wgc
407,Chelsea,Harper,c.harper@randatmail.com,F]Gh>9bx
408,Kirsten,Gibson,k.gibson@randatmail.com,*2Lv_*?^
409,Lily,Perry,l.perry@randatmail.com,*).bQU8x
410,Dexter,Brooks,d.brooks@randatmail.com,95v{U^$]
411,Chloe,Fowler,c.fowler@randatmail.com,!eSJE5qA
412,Amy,Brown,a.brown@randatmail.com,]av3BSd?
413,Melanie,Tucker,m.tucker@randatmail.com,AcCne]3{
414,Frederick,Farrell,f.farrell@randatmail.com,jjc&7N6&
415,Bruce,Cunningham,b.cunningham@randatmail.com,dA24+vtk
416,Myra,Lloyd,m.lloyd@randatmail.com,M9UauX>m
417,Sophia,Sullivan,s.sullivan@randatmail.com,fc8/ZsjY
418,Alan,Parker,a.parker@randatmail.com,wT$.4T>)
419,Oscar,Owens,o.owens@randatmail.com,74{Z^gPx
420,Jacob,Davis,j.davis@randatmail.com,k4)QJ+gz
421,Tiana,Higgins,t.higgins@randatmail.com,L?8E>hwg
422,James,Hill,j.hill@randatmail.com,Zvmk3>S7
423,Adrianna,Murray,a.murray@randatmail.com,A_uyxBW2
424,Roland,Ross,r.ross@randatmail.com,+XUsj3f7
425,Sam,Armstrong,s.armstrong@randatmail.com,{NawD_8K
426,Julian,Richards,j.richards@randatmail.com,%h9pHtf*
427,Lyndon,Robinson,l.robinson@randatmail.com,(7)QzzuZ
428,Belinda,Williams,b.williams@randatmail.com,b!T{[f7V
429,Sophia,Carroll,s.carroll@randatmail.com,K7_t=b7P
430,Chelsea,Evans,c.evans@randatmail.com,GTJg.3X]
431,Sienna,Smith,s.smith@randatmail.com,fFS339g+
432,Lucy,Hill,l.hill@randatmail.com,@6-wtN.N
433,Alen,Richards,a.richards@randatmail.com,QEd/?7/Z
434,Edwin,Brooks,e.brooks@randatmail.com,7}XHF?7v
435,Eric,Russell,e.russell@randatmail.com,5_sXL>PH
436,Cherry,Holmes,c.holmes@randatmail.com,X}8g[==2
437,Rubie,Reed,r.reed@randatmail.com,BCeaB-5k
438,Amanda,Richardson,a.richardson@randatmail.com,bM%3.A{]
439,Heather,Rogers,h.rogers@randatmail.com,-)3*rbX$
440,Kelsey,Armstrong,k.armstrong@randatmail.com,]qL3hH-)
441,Andrew,Riley,a.riley@randatmail.com,AMb3rJ&Y
442,Fenton,Fowler,f.fowler@randatmail.com,cCR56[*h
443,Maria,Gibson,m.gibson@randatmail.com,tzVY8XZ}
444,Mike,Higgins,m.higgins@randatmail.com,v>ru8qK&
445,Darcy,Henderson,d.henderson@randatmail.com,uusW2tE]
446,Arnold,Thompson,a.thompson@randatmail.com,}+kA86eB
447,Spike,Richards,s.richards@randatmail.com,TS2SNh[e
448,Ryan,Johnston,r.johnston@randatmail.com,*SX-8N3h
449,Adelaide,Phillips,a.phillips@randatmail.com,Y^Cm8._b
450,Adam,Phillips,a.phillips@randatmail.com,{]y}K7/2
451,Evelyn,Watson,e.watson@randatmail.com,&c@{64Ne
452,Mary,Hall,m.hall@randatmail.com,c6EDC]Ef
453,Deanna,Tucker,d.tucker@randatmail.com,dYRK@vs4
454,Hailey,Brooks,h.brooks@randatmail.com,3XSz%[@9
455,Cherry,Kelly,c.kelly@randatmail.com,+A4EvAQ%
456,Alan,Morgan,a.morgan@randatmail.com,$2*9bnWn
457,Ashton,Kelley,a.kelley@randatmail.com,5jg9+H3?
458,Paige,Hill,p.hill@randatmail.com,23Rn=?CH
459,Steven,Allen,s.allen@randatmail.com,FA3+fGux
460,Jenna,Hall,j.hall@randatmail.com,xPHHx7t@
461,Oscar,Wells,o.wells@randatmail.com,QW]6gp%z
462,Dainton,Brooks,d.brooks@randatmail.com,%Yw%n4yC
463,Abigail,Thompson,a.thompson@randatmail.com,Q-3nTAUv
464,Gianna,Reed,g.reed@randatmail.com,RDS=yuk5
465,Thomas,Crawford,t.crawford@randatmail.com,qDL@)-2?
466,Agata,Riley,a.riley@randatmail.com,n_9$RpUc
467,Thomas,Wilson,t.wilson@randatmail.com,wV8mnj=N
468,Heather,Elliott,h.elliott@randatmail.com,K4kbSp.T
469,Justin,Stewart,j.stewart@randatmail.com,JN!/m$9)
470,Maria,Douglas,m.douglas@randatmail.com,zr%SB9n5
471,Isabella,Robinson,i.robinson@randatmail.com,T-aAZXK2
472,Henry,Davis,h.davis@randatmail.com,vyn5Yf6%
473,Roland,Mason,r.mason@randatmail.com,55}>UA!m
474,Dominik,Stevens,d.stevens@randatmail.com,b=6KuE]j
475,Fiona,Smith,f.smith@randatmail.com,{$nZ>&26
476,Julian,Clark,j.clark@randatmail.com,*9mUyDQ?
477,Annabella,Stevens,a.stevens@randatmail.com,jj2C>kR7
478,Nicole,Sullivan,n.sullivan@randatmail.com,)9jyhJ!C
479,Byron,Gibson,b.gibson@randatmail.com,A8dZ^4X}
480,Ryan,Andrews,r.andrews@randatmail.com,n46}+DK-
481,Patrick,Crawford,p.crawford@randatmail.com,+e^5z6K3
482,Antony,Riley,a.riley@randatmail.com,?&.k3D>r
483,Melissa,Williams,m.williams@randatmail.com,=s{24NzY
484,Rafael,Ellis,r.ellis@randatmail.com,&JhL*46_
485,Catherine,Stevens,c.stevens@randatmail.com,>3QUdP5Q
486,Kelsey,Montgomery,k.montgomery@randatmail.com,s5].]nkP
487,Alen,Mason,a.mason@randatmail.com,ER-D7NYw
488,Kellan,Clark,k.clark@randatmail.com,aa@9d*}N
489,Alexia,Lloyd,a.lloyd@randatmail.com,hRQ*JW3H
490,Chelsea,Payne,c.payne@randatmail.com,jL/k9(Z?
491,Gianna,West,g.west@randatmail.com,P/_vrJ9C
492,Dexter,Thompson,d.thompson@randatmail.com,4_6zrs.L
493,Ryan,Morris,r.morris@randatmail.com,Tu+4q(gX
494,Cadie,Kelly,c.kelly@randatmail.com,&mh4eK[U
495,Jenna,Andrews,j.andrews@randatmail.com,pvAVE$26
496,Roman,Ellis,r.ellis@randatmail.com,%M!5[t=5
497,Dexter,Taylor,d.taylor@randatmail.com,Tnj3u4*}
498,Emily,Riley,e.riley@randatmail.com,C3hr!*uS
499,Heather,Hawkins,h.hawkins@randatmail.com,@[_zvr5K
500,Lyndon,Bennett,l.bennett@randatmail.com,^f+T?8_h
501,Walter,Tucker,w.tucker@randatmail.com,*er+95La
502,Savana,Andrews,s.andrews@randatmail.com,PN(bd^6q
503,Michael,Payne,m.payne@randatmail.com,k5t]tehA
504,Lydia,Taylor,l.taylor@randatmail.com,+vbC3B_?
505,Chelsea,Myers,c.myers@randatmail.com,S[>t&D2$
506,Preston,Bennett,p.bennett@randatmail.com,/ZT+3)gE
507,Valeria,Watson,v.watson@randatmail.com,zsaX)-?8
508,Heather,Bennett,h.bennett@randatmail.com,%T5T>7ku
509,Annabella,Howard,a.howard@randatmail.com,v.)9/%zQ
510,Ada,Fowler,a.fowler@randatmail.com,4rQ^2={_
511,Lucas,Bennett,l.bennett@randatmail.com,4U%m/@[*
512,John,Cameron,j.cameron@randatmail.com,hbD6ARx_
513,Sophia,Richardson,s.richardson@randatmail.com,vhE?&4{D
514,Anna,Ferguson,a.ferguson@randatmail.com,N.y6HkVW
515,Ada,Turner,a.turner@randatmail.com,-[zB!h9V
516,James,Richardson,j.richardson@randatmail.com,7!Ck*f({
517,Rebecca,Edwards,r.edwards@randatmail.com,MJxz_m9!
518,Adison,Rogers,a.rogers@randatmail.com,T){4&h.E
519,Antony,Adams,a.adams@randatmail.com,yw9SggY)
520,Camila,Thomas,c.thomas@randatmail.com,-%3mXzPG
521,Naomi,Barrett,n.barrett@randatmail.com,3}eBs8V(
522,Adrian,Wright,a.wright@randatmail.com,am3C[Z4>
523,Tara,Holmes,t.holmes@randatmail.com,tG&9>=&$
524,Julian,Ryan,j.ryan@randatmail.com,Z*c3}@J=
525,Sophia,Hall,s.hall@randatmail.com,M-*/8xFr
526,Emma,Payne,e.payne@randatmail.com,)ZpujN6w
527,Audrey,Perkins,a.perkins@randatmail.com,W?5hdr)w
528,Natalie,Henderson,n.henderson@randatmail.com,-k9Nk}Zg
529,Abigail,Myers,a.myers@randatmail.com,W-7W$f(r
530,James,Holmes,j.holmes@randatmail.com,(87w5%T>
531,Amanda,Edwards,a.edwards@randatmail.com,EZj2b&FB
532,Alexia,Thomas,a.thomas@randatmail.com,EUh!275?
533,Luke,Clark,l.clark@randatmail.com,-$rsXj8E
534,Andrew,Wilson,a.wilson@randatmail.com,*2(E_bw]
535,Jasmine,Fowler,j.fowler@randatmail.com,6Ex%R7{[
536,Darcy,Turner,d.turner@randatmail.com,4u6RJ5B^
537,Jenna,Wright,j.wright@randatmail.com,$KQw9AU4
538,John,Perkins,j.perkins@randatmail.com,6pQQUbA]
539,Amanda,Grant,a.grant@randatmail.com,63(LsT2>
540,Lily,Fowler,l.fowler@randatmail.com,@qyKwm7A
541,Nicholas,Alexander,n.alexander@randatmail.com,R>D8BEVh
542,Mike,Bennett,m.bennett@randatmail.com,!ef5Ud-.
543,Mike,Ellis,m.ellis@randatmail.com,5wM]?Wb6
544,Aldus,Johnston,a.johnston@randatmail.com,4Bt9&c@p
545,Alisa,Douglas,a.douglas@randatmail.com,*8aAGwVb
546,Ryan,Robinson,r.robinson@randatmail.com,N]hJa7G=
547,Jenna,Cunningham,j.cunningham@randatmail.com,>y@w7HZG
548,Adrianna,Craig,a.craig@randatmail.com,9rN{7E?!
549,Melissa,Russell,m.russell@randatmail.com,rMLS4^nW
550,Luke,Bailey,l.bailey@randatmail.com,Fw{!6jqD
551,Jacob,Barrett,j.barrett@randatmail.com,-9Ux=Xxm
552,Dainton,Montgomery,d.montgomery@randatmail.com,u9bw.fQR
553,Edward,Hunt,e.hunt@randatmail.com,x_S[B6b@
554,Clark,Warren,c.warren@randatmail.com,+=5Ln@&V
555,Vivian,Spencer,v.spencer@randatmail.com,!T$x8uN[
556,Patrick,Campbell,p.campbell@randatmail.com,V36G7dK*
557,Abraham,Reed,a.reed@randatmail.com,!)uA*f3F
558,Sienna,Brown,s.brown@randatmail.com,>?U-2DTe
559,Adam,Scott,a.scott@randatmail.com,JX-CS]u5
560,Ned,Cameron,n.cameron@randatmail.com,q^muY@+8
561,Sophia,Fowler,s.fowler@randatmail.com,=fsQ[2kC
562,Lenny,Moore,l.moore@randatmail.com,YCks_8d+
563,Melanie,Cunningham,m.cunningham@randatmail.com,vBfyk+2q
564,Lenny,Williams,l.williams@randatmail.com,{cV9[_5J
565,Alina,Thompson,a.thompson@randatmail.com,B>mkY7u&
566,Frederick,Morris,f.morris@randatmail.com,Rq)=z]6[
567,Derek,Johnson,d.johnson@randatmail.com,hZpaV>25
568,Amelia,Cameron,a.cameron@randatmail.com,J)4KJ=mw
569,Agata,Ross,a.ross@randatmail.com,W-pp$U6x
570,Maddie,Crawford,m.crawford@randatmail.com,)Pb^/F73
571,Chloe,Spencer,c.spencer@randatmail.com,w>(au3Q*
572,Charlie,Morgan,c.morgan@randatmail.com,t.k3!6Zh
573,Maximilian,Murphy,m.murphy@randatmail.com,@}45Mv+4
574,Adison,Gray,a.gray@randatmail.com,Za>VV!9s
575,Abigail,Barnes,a.barnes@randatmail.com,9F2??nX/
576,Amy,Phillips,a.phillips@randatmail.com,d4-3XDMx
577,Jenna,Hawkins,j.hawkins@randatmail.com,H[e5_*-u
578,Maria,Holmes,m.holmes@randatmail.com,Y%kC&x5a
579,Heather,Perry,h.perry@randatmail.com,93k^[hSc
580,Chester,Lloyd,c.lloyd@randatmail.com,9w5Zw7/9
581,Clark,Hunt,c.hunt@randatmail.com,Cnr-SHe4
582,Leonardo,Mitchell,l.mitchell@randatmail.com,v@NH4edT
583,Rubie,Warren,r.warren@randatmail.com,QR+&*2ua
584,Mary,Gray,m.gray@randatmail.com,HbRUA8m_
585,Alina,Richards,a.richards@randatmail.com,F^Sqr6@[
586,Sienna,Evans,s.evans@randatmail.com,[2/wMLfY
587,Mike,Allen,m.allen@randatmail.com,JY(4eJUR
588,Cadie,Edwards,c.edwards@randatmail.com,wzWpn@7T
589,Sofia,Davis,s.davis@randatmail.com,w5!DfFq7
590,Emma,Ross,e.ross@randatmail.com,gG(=3R!5
591,Elise,Thompson,e.thompson@randatmail.com,wJ?Dr2tt
592,Olivia,Douglas,o.douglas@randatmail.com,8c@whSPZ
593,Carlos,Campbell,c.campbell@randatmail.com,USZ?k_5S
594,Tyler,Brooks,t.brooks@randatmail.com,pMqc5G?}
595,April,Johnson,a.johnson@randatmail.com,[4L^8>>w
596,Connie,Martin,c.martin@randatmail.com,zy2$CFw^
597,Jasmine,Mason,j.mason@randatmail.com,bNm}22j5
598,Savana,Adams,s.adams@randatmail.com,C{>Y8X3n
599,Samantha,Cooper,s.cooper@randatmail.com,]m.yFK+6
600,Caroline,Wilson,c.wilson@randatmail.com,fA(Q%/28
601,Eddy,Adams,e.adams@randatmail.com,NwH]MA/4
602,Eric,Taylor,e.taylor@randatmail.com,%j5@4cUM
603,Harold,Russell,h.russell@randatmail.com,eUgF()m7
604,Elise,Douglas,e.douglas@randatmail.com,/dhPrh/8
605,Miller,Barrett,m.barrett@randatmail.com,qG_jMt4x
606,Amanda,Allen,a.allen@randatmail.com,-z@X[[%8
607,Ada,Brown,a.brown@randatmail.com,A7bc.F}Y
608,Antony,Miller,a.miller@randatmail.com,}M$EYhs5
609,Julian,Davis,j.davis@randatmail.com,Yhav2@VX
610,Richard,Hawkins,r.hawkins@randatmail.com,b6d>MS%S
611,Lyndon,Thomas,l.thomas@randatmail.com,Hs$8]6H]
612,Edith,Baker,e.baker@randatmail.com,Tz?$U-85
613,Jacob,Ryan,j.ryan@randatmail.com,ZsW}dsB2
614,Max,Brown,m.brown@randatmail.com,3k4{qKXj
615,Lucas,Robinson,l.robinson@randatmail.com,p}Wp$2C4
616,Jordan,Watson,j.watson@randatmail.com,_)n4$VYs
617,Catherine,Barnes,c.barnes@randatmail.com,2.eU}tmJ
618,Ned,Davis,n.davis@randatmail.com,GbHbn.7q
619,Edwin,Montgomery,e.montgomery@randatmail.com,u>pW^46%
620,Dominik,Brown,d.brown@randatmail.com,f_w2WM%B
621,Florrie,Anderson,f.anderson@randatmail.com,(Xb8}$Va
622,Harold,Murphy,h.murphy@randatmail.com,GVkHP9H/
623,Connie,Higgins,c.higgins@randatmail.com,kM8w(F8t
624,Nicholas,Wells,n.wells@randatmail.com,_T+H7>qt
625,Tony,Andrews,t.andrews@randatmail.com,b/q3z$T]
626,Alissa,Reed,a.reed@randatmail.com,p3j6Dm/{
627,Maya,Morgan,m.morgan@randatmail.com,xZ-RC8as
628,Florrie,Elliott,f.elliott@randatmail.com,4Ne^fanM
629,Sarah,Murray,s.murray@randatmail.com,GA5^mzvQ
630,Reid,Murphy,r.murphy@randatmail.com,kkCp{e4v
631,Adam,Mason,a.mason@randatmail.com,tR[GAEc4
632,Victoria,Perkins,v.perkins@randatmail.com,h=4-Gg^M
633,Stella,Mitchell,s.mitchell@randatmail.com,zaFA5)yE
634,Lyndon,Carroll,l.carroll@randatmail.com,V&HT9SwW
635,Alfred,Barrett,a.barrett@randatmail.com,96A3z*=b
636,Daniel,Walker,d.walker@randatmail.com,LA=Xpf!6
637,Lucy,Cooper,l.cooper@randatmail.com,GKj5wy*z
638,Andrew,Morris,a.morris@randatmail.com,3JwAcBv=
639,Albert,West,a.west@randatmail.com,5sd_Em+Q
640,Belinda,Adams,b.adams@randatmail.com,jc>77yM(
641,Frederick,Thompson,f.thompson@randatmail.com,zQ6p)9T/
642,Dale,Crawford,d.crawford@randatmail.com,x3A3!6W!
643,Alissa,Mason,a.mason@randatmail.com,S4.(pMGU
644,Amanda,Morrison,a.morrison@randatmail.com,&6DGxxer
645,Maximilian,Alexander,m.alexander@randatmail.com,h64P]/*^
646,Aiden,Morgan,a.morgan@randatmail.com,d&RbT9^&
647,Deanna,Foster,d.foster@randatmail.com,DTqs?P3p
648,Heather,Armstrong,h.armstrong@randatmail.com,eTp=2GLk
649,Dominik,Ryan,d.ryan@randatmail.com,r7nPk}X}
650,Justin,Barrett,j.barrett@randatmail.com,5)bdNu9j
651,Henry,Wells,h.wells@randatmail.com,9FJye!Dr
652,Briony,Hawkins,b.hawkins@randatmail.com,+kpr7uEU
653,Aiden,Hamilton,a.hamilton@randatmail.com,hc26!Mv5
654,Alfred,Farrell,a.farrell@randatmail.com,Zp-3tz&L
655,Martin,Hall,m.hall@randatmail.com,Ys9.)NB)
656,Carlos,Kelley,c.kelley@randatmail.com,_]Y9-Sz6
657,Ned,Miller,n.miller@randatmail.com,5JM3s[[h
658,Sophia,Dixon,s.dixon@randatmail.com,$hV/n6pf
659,Lily,Holmes,l.holmes@randatmail.com,8%R[z4nx
660,Arthur,Phillips,a.phillips@randatmail.com,T+m%*f%7
661,Mary,Martin,m.martin@randatmail.com,5=[UEs!C
662,Brooke,Perry,b.perry@randatmail.com,e@p^>C5y
663,Dexter,Spencer,d.spencer@randatmail.com,4}9-3{Fz
664,Darcy,Ferguson,d.ferguson@randatmail.com,8n?tdx5N
665,Lenny,Ferguson,l.ferguson@randatmail.com,W67D%){p
666,Jessica,Mitchell,j.mitchell@randatmail.com,Mpy))?M3
667,Caroline,Hunt,c.hunt@randatmail.com,Xy6&+tVc
668,James,Murray,j.murray@randatmail.com,mM/K8)Xk
669,Amelia,Higgins,a.higgins@randatmail.com,3y*)FY!_
670,Tyler,Moore,t.moore@randatmail.com,?kF2@&39
671,Alina,Douglas,a.douglas@randatmail.com,5XtS3c(f
672,Vivian,Jones,v.jones@randatmail.com,64bCs?LY
673,Jordan,Ross,j.ross@randatmail.com,d7tN5!Ke
674,Rebecca,Barnes,r.barnes@randatmail.com,>t{R?[+9
675,Blake,Brooks,b.brooks@randatmail.com,K4^fYsHu
676,Adrian,Phillips,a.phillips@randatmail.com,sqt46p*C
677,Naomi,Roberts,n.roberts@randatmail.com,Zg$S9WPk
678,Ashton,Baker,a.baker@randatmail.com,$+eCL9Bf
679,Tyler,Baker,t.baker@randatmail.com,B4S)({fj
680,Leonardo,Spencer,l.spencer@randatmail.com,8n9Z8pR]
681,Alan,Foster,a.foster@randatmail.com,F+XxS[9S
682,Nicole,Clark,n.clark@randatmail.com,a+74{HH$
683,Anna,Armstrong,a.armstrong@randatmail.com,?4TC^nxF
684,James,Robinson,j.robinson@randatmail.com,8W=ts-XU
685,William,Wells,w.wells@randatmail.com,_MCS=x2x
686,April,Martin,a.martin@randatmail.com,zB6!{uXc
687,Victoria,Russell,v.russell@randatmail.com,Md=3W7^u
688,Agata,Fowler,a.fowler@randatmail.com,x_(zH59N
689,Alexia,Kelley,a.kelley@randatmail.com,9SVx%]BH
690,Briony,Kelly,b.kelly@randatmail.com,GN-5/$Ga
691,Evelyn,Williams,e.williams@randatmail.com,ZhGre^5N
692,Chloe,Mitchell,c.mitchell@randatmail.com,BpP$82ss
693,Steven,Hunt,s.hunt@randatmail.com,nQ}R346Z
694,Chester,Morris,c.morris@randatmail.com,7qeKK&2t
695,Hailey,Ryan,h.ryan@randatmail.com,L4+%gnYK
696,Paul,Elliott,p.elliott@randatmail.com,[a3b&KNK
697,Carina,Johnston,c.johnston@randatmail.com,4@q^vLq.
698,Dexter,Tucker,d.tucker@randatmail.com,zFvA^c9X
699,Eric,Elliott,e.elliott@randatmail.com,-ZEQ{v8t
700,Amelia,Robinson,a.robinson@randatmail.com,%*nxdm8Q
701,Miller,Hunt,m.hunt@randatmail.com,z?G4R(Ej
702,Adison,Howard,a.howard@randatmail.com,U=by2AY4
703,Sofia,Campbell,s.campbell@randatmail.com,v&}7hXJp
704,Madaline,Bailey,m.bailey@randatmail.com,WNDMgg[5
705,Alissa,Ferguson,a.ferguson@randatmail.com,}Ze}+9cF
706,Tess,Anderson,t.anderson@randatmail.com,5Za-c_3*
707,Rebecca,Hunt,r.hunt@randatmail.com,DS8r[]j*
708,Dale,Allen,d.allen@randatmail.com,-2jHGkbQ
709,Stuart,Gibson,s.gibson@randatmail.com,xp7Cd=hL
710,Jenna,Mitchell,j.mitchell@randatmail.com,k+57H7+}
711,Vivian,Roberts,v.roberts@randatmail.com,w.*DECy3
712,Elise,Parker,e.parker@randatmail.com,MS8z)Fp2
713,Lily,Myers,l.myers@randatmail.com,zCkQ7?R=
714,Kirsten,Cooper,k.cooper@randatmail.com,f/e.d(2C
715,Penelope,Craig,p.craig@randatmail.com,h@X=E.7P
716,Preston,Campbell,p.campbell@randatmail.com,6{4nhP+U
717,Camila,Thompson,c.thompson@randatmail.com,dVq8jTb&
718,Spike,Thompson,s.thompson@randatmail.com,3.eRMM/v
719,Adele,Gray,a.gray@randatmail.com,!ZeYpz3=
720,Oliver,Mitchell,o.mitchell@randatmail.com,p8D.E)X8
721,Jared,Cooper,j.cooper@randatmail.com,RHY-7k2b
722,Maximilian,Perkins,m.perkins@randatmail.com,Aq?yw9DJ
723,Edgar,Campbell,e.campbell@randatmail.com,Vcqb@Kk8
724,Walter,Rogers,w.rogers@randatmail.com,2/TczFTs
725,Mike,Gray,m.gray@randatmail.com,Y{S/Nr_5
726,Oliver,Spencer,o.spencer@randatmail.com,658GQEf(
727,Alford,Richardson,a.richardson@randatmail.com,B^RYZK2w
728,Abraham,Gibson,a.gibson@randatmail.com,B*y2g&&?
729,Ryan,Ross,r.ross@randatmail.com,Uw5K@/Mu
730,Julia,Alexander,j.alexander@randatmail.com,6Dbb.^m+
731,Belinda,Perry,b.perry@randatmail.com,TVb.7qEP
732,Clark,Scott,c.scott@randatmail.com,3nPfnV@9
733,Alan,Lloyd,a.lloyd@randatmail.com,ZCr[v!q9
734,Leonardo,Kelley,l.kelley@randatmail.com,S!ka9YS?
735,Thomas,Mitchell,t.mitchell@randatmail.com,bKv{$Uh6
736,Alina,Parker,a.parker@randatmail.com,+h$xQt2j
737,Ryan,Barrett,r.barrett@randatmail.com,H}CCd8V6
738,Alina,Turner,a.turner@randatmail.com,hfLQ^!65
739,James,Taylor,j.taylor@randatmail.com,&Pu4!>Tb
740,Fiona,Hunt,f.hunt@randatmail.com,_FJ4AeyY
741,Aida,Thomas,a.thomas@randatmail.com,3/FN?KKt
742,Amanda,Farrell,a.farrell@randatmail.com,bu452AT?
743,Sabrina,Stevens,s.stevens@randatmail.com,8?A^yCP>
744,Valeria,Murphy,v.murphy@randatmail.com,G{?/Z9p!
745,Antony,Dixon,a.dixon@randatmail.com,8-k>YNan
746,George,Murphy,g.murphy@randatmail.com,yH=56/sM
747,Martin,Clark,m.clark@randatmail.com,5a(QmDM8
748,Edith,Wilson,e.wilson@randatmail.com,C8>*w%&E
749,Derek,Henderson,d.henderson@randatmail.com,r/.4H+SX
750,Rubie,Armstrong,r.armstrong@randatmail.com,V%6H[_qv
751,Maddie,Harris,m.harris@randatmail.com,sxy.e/Z5
752,Vivian,Carter,v.carter@randatmail.com,/?+yA5_=
753,Jacob,Morgan,j.morgan@randatmail.com,3w!4Az(w
754,Lily,Jones,l.jones@randatmail.com,FRQW/V6d
755,Caroline,Perkins,c.perkins@randatmail.com,FGek=3[b
756,Honey,Robinson,h.robinson@randatmail.com,H/Dq5vW$
757,Catherine,Jones,c.jones@randatmail.com,d6%/tJsE
758,Aida,Watson,a.watson@randatmail.com,e5m5$%GG
759,Adison,Hill,a.hill@randatmail.com,>A7%r7nY
760,Cadie,Edwards,c.edwards@randatmail.com,@VSKxN5[
761,Adele,Montgomery,a.montgomery@randatmail.com,4@bQ*S]q
762,Garry,Thompson,g.thompson@randatmail.com,J5UR>uK&
763,Ryan,Parker,r.parker@randatmail.com,gwA3Y%Q9
764,Annabella,Hamilton,a.hamilton@randatmail.com,&{f>Xj9k
765,Agata,Adams,a.adams@randatmail.com,A6LS&^vY
766,Ryan,Richards,r.richards@randatmail.com,UNL{A6cC
767,Kristian,Murphy,k.murphy@randatmail.com,s^B5r[*m
768,Arnold,Alexander,a.alexander@randatmail.com,3UfuK^NV
769,Maximilian,Barrett,m.barrett@randatmail.com,>/@2rP(u
770,Ellia,Mason,e.mason@randatmail.com,$2nE)}s=
771,Alberta,Payne,a.payne@randatmail.com,GKp5++F(
772,Kevin,Edwards,k.edwards@randatmail.com,erU86_sf
773,Ellia,Farrell,e.farrell@randatmail.com,LU*fMm34
774,Brianna,Russell,b.russell@randatmail.com,=^F6p^n@
775,Natalie,Ryan,n.ryan@randatmail.com,R2F=d/4_
776,Belinda,Allen,b.allen@randatmail.com,9aS[-G8f
777,Melanie,Andrews,m.andrews@randatmail.com,*6n!Fkv@
778,Charlie,Morrison,c.morrison@randatmail.com,na=^)Tp2
779,Frederick,Higgins,f.higgins@randatmail.com,ptJ5eP^V
780,Ted,Smith,t.smith@randatmail.com,=b2!CPY.
781,Cherry,Cameron,c.cameron@randatmail.com,k3!UQxM5
782,Albert,Kelly,a.kelly@randatmail.com,5mc6Z_C5
783,Connie,Murphy,c.murphy@randatmail.com,_KLv*P3K
784,Lucy,Mitchell,l.mitchell@randatmail.com,*57Bt5j@
785,Alberta,Baker,a.baker@randatmail.com,7D+PF4b=
786,Adison,Thompson,a.thompson@randatmail.com,Pkf%xFy7
787,Wilson,Campbell,w.campbell@randatmail.com,}E43g49}
788,Owen,Kelly,o.kelly@randatmail.com,r$8/?PTX
789,Richard,Hunt,r.hunt@randatmail.com,=?7.NMPb
790,Tess,Chapman,t.chapman@randatmail.com,tv6UC@rb
791,Amanda,Murphy,a.murphy@randatmail.com,z**{S@2Z
792,Dexter,Gibson,d.gibson@randatmail.com,Rj=)4G7[
793,Albert,Thompson,a.thompson@randatmail.com,+mWJr47&
794,Darcy,Carter,d.carter@randatmail.com,$z}PR5%>
795,Arthur,Kelly,a.kelly@randatmail.com,}qAsMEm3
796,Albert,Hill,a.hill@randatmail.com,*UCE9qe4
797,Kelsey,Allen,k.allen@randatmail.com,-E2sQ.My
798,Mike,Evans,m.evans@randatmail.com,DE3HC[n3
799,Andrew,Jones,a.jones@randatmail.com,wY2Z4(EX
800,Ada,Smith,a.smith@randatmail.com,y-Ss]99A
801,Edith,Rogers,e.rogers@randatmail.com,tm7&LU.v
802,Tiana,Henderson,t.henderson@randatmail.com,9JAHZ$8u
803,William,Martin,w.martin@randatmail.com,)2pz&LBh
804,Rosie,Clark,r.clark@randatmail.com,!&A$g8ge
805,Amanda,Brown,a.brown@randatmail.com,B3v5}r)6
806,Brad,Ellis,b.ellis@randatmail.com,Bmk_7[Sn
807,Aida,Murray,a.murray@randatmail.com,cV3XJ-2-
808,Frederick,Stevens,f.stevens@randatmail.com,W&_U_A8u
809,Spike,Riley,s.riley@randatmail.com,7Cy9(kuv
810,Ryan,Warren,r.warren@randatmail.com,Ahk4sS-)
811,Isabella,Wright,i.wright@randatmail.com,{Atdks5]
812,Eric,Owens,e.owens@randatmail.com,)MzD@9Su
813,Amy,Dixon,a.dixon@randatmail.com,Qn/VT(C2
814,Lucas,Wells,l.wells@randatmail.com,Xm*GA49C
815,Evelyn,Warren,e.warren@randatmail.com,R/GMc=x6
816,Sam,Jones,s.jones@randatmail.com,@Yv&4L+p
817,Ada,Smith,a.smith@randatmail.com,VA[6zDDA
818,David,Bailey,d.bailey@randatmail.com,28x?a(GE
819,James,Higgins,j.higgins@randatmail.com,dC6w&Vbt
820,Mary,Harris,m.harris@randatmail.com,RE4+C=Hj
821,Roman,Watson,r.watson@randatmail.com,sQ@5nYpR
822,Heather,Walker,h.walker@randatmail.com,nc(bUGD6
823,Sawyer,Bailey,s.bailey@randatmail.com,LxD6$4pS
824,Henry,Riley,h.riley@randatmail.com,Ez9m@.6?
825,Albert,Roberts,a.roberts@randatmail.com,m+w$X6L/
826,Jacob,Mitchell,j.mitchell@randatmail.com,B?f2FG$d
827,Max,Scott,m.scott@randatmail.com,7(vv65LQ
828,Thomas,Walker,t.walker@randatmail.com,{D%c]8Xu
829,Adrian,Edwards,a.edwards@randatmail.com,+5^jDCjW
830,Vincent,Adams,v.adams@randatmail.com,kn=NF$e7
831,Heather,Moore,h.moore@randatmail.com,krN^Pm2*
832,Ryan,Alexander,r.alexander@randatmail.com,D$N6fL]d
833,Mary,Stewart,m.stewart@randatmail.com,fr3Y/t}%
834,Robert,Ryan,r.ryan@randatmail.com,WhLkj-4%
835,Roland,Spencer,r.spencer@randatmail.com,qW8Rt9-L
836,Natalie,Harrison,n.harrison@randatmail.com,)Xc/3^BF
837,Hailey,Johnson,h.johnson@randatmail.com,B7S^bxFh
838,Kelsey,Anderson,k.anderson@randatmail.com,bZDUht[8
839,Edward,Morrison,e.morrison@randatmail.com,n(8[J!As
840,Ellia,Turner,e.turner@randatmail.com,z5d5H*F)
841,Freddie,Johnston,f.johnston@randatmail.com,n6!9Yscz
842,Maya,Ellis,m.ellis@randatmail.com,4=YCzpc!
843,Jacob,Scott,j.scott@randatmail.com,@EdH}FX3
844,Elian,Spencer,e.spencer@randatmail.com,?k4{p6R8
845,Jordan,Taylor,j.taylor@randatmail.com,ZhA>3B37
846,Isabella,Clark,i.clark@randatmail.com,LN*3!z/Z
847,Amy,Baker,a.baker@randatmail.com,[eSrm5v6
848,Madaline,Morrison,m.morrison@randatmail.com,]!uVk5T8
849,George,Warren,g.warren@randatmail.com,hdKa8KZ}
850,Henry,Moore,h.moore@randatmail.com,t!2&{(FY
851,Edward,Payne,e.payne@randatmail.com,DJ95gH+}
852,Kristian,Kelley,k.kelley@randatmail.com,]eDt7{jp
853,Harold,Richardson,h.richardson@randatmail.com,Espz>9@@
854,Mary,Edwards,m.edwards@randatmail.com,m{%e6HMx
855,Julia,Miller,j.miller@randatmail.com,}wN6yfgn
856,Brooke,Richardson,b.richardson@randatmail.com,h(tntEV9
857,Maddie,Sullivan,m.sullivan@randatmail.com,/P[8>&Uj
858,Eleanor,Perkins,e.perkins@randatmail.com,SH9uy=(>
859,Sydney,Murphy,s.murphy@randatmail.com,N&Bah3Q{
860,Aldus,Mason,a.mason@randatmail.com,^tyKNU4b
861,Lily,Harris,l.harris@randatmail.com,V/*e8cw[
862,Vivian,Moore,v.moore@randatmail.com,9B$rU$ag
863,Alissa,West,a.west@randatmail.com,sZ]4axzL
864,Darcy,Chapman,d.chapman@randatmail.com,!>%R8W_c
865,Naomi,Bennett,n.bennett@randatmail.com,nFT+THC9
866,Julia,Gibson,j.gibson@randatmail.com,5}p>Q_Kh
867,Jessica,Fowler,j.fowler@randatmail.com,9d?!V4{^
868,Dainton,Perkins,d.perkins@randatmail.com,!(uBR.8}
869,Fenton,Tucker,f.tucker@randatmail.com,P@%53HAq
870,Isabella,Spencer,i.spencer@randatmail.com,yY7Len&2
871,Miley,Jones,m.jones@randatmail.com,.gW3U_pz
872,Jack,Adams,j.adams@randatmail.com,Y_2%&zz+
873,Darcy,Armstrong,d.armstrong@randatmail.com,Rp^YHNn7
874,Daryl,Johnston,d.johnston@randatmail.com,EJpZa**7
875,Dexter,Montgomery,d.montgomery@randatmail.com,cmZpY]U3
876,Melanie,Casey,m.casey@randatmail.com,.S7_F7=w
877,Alberta,Armstrong,a.armstrong@randatmail.com,3)3KLUyR
878,Jacob,Adams,j.adams@randatmail.com,b3B-epAs
879,Miller,Martin,m.martin@randatmail.com,3kjS%256
880,Max,Thomas,m.thomas@randatmail.com,pTrS.S7b
881,Preston,Hamilton,p.hamilton@randatmail.com,yLvFy6{/
882,Alan,Foster,a.foster@randatmail.com,m/>{2+mH
883,Florrie,Cunningham,f.cunningham@randatmail.com,Zeg-+!5[
884,Adison,Russell,a.russell@randatmail.com,6uSNM}]n
885,Alberta,Jones,a.jones@randatmail.com,t+c(Dq*6
886,Garry,Watson,g.watson@randatmail.com,/=pE9y!+
887,Connie,Tucker,c.tucker@randatmail.com,cD]3F6K4
888,Kevin,Andrews,k.andrews@randatmail.com,7(y_u3Ja
889,Annabella,Cole,a.cole@randatmail.com,V6p4M+R3
890,Martin,Bailey,m.bailey@randatmail.com,=tg?@4TQ
891,Kellan,Gibson,k.gibson@randatmail.com,/kaxZ7B.
892,Charlotte,Montgomery,c.montgomery@randatmail.com,4N(39nyS
893,Sarah,Adams,s.adams@randatmail.com,Mw[7WRJj
894,Oliver,Kelley,o.kelley@randatmail.com,b]Zm9DT9
895,Brad,Andrews,b.andrews@randatmail.com,nkjN>.Y6
896,Oscar,Casey,o.casey@randatmail.com,L>dQC6uX
897,Ned,Gibson,n.gibson@randatmail.com,mzC*L$4g
898,Deanna,Thompson,d.thompson@randatmail.com,]p$3&2S!
899,Arnold,Johnson,a.johnson@randatmail.com,fW5]nZ?b
900,Charlie,Casey,c.casey@randatmail.com,U(?Gk3.=
901,Julia,Riley,j.riley@randatmail.com,+cQcS2s]
902,Kevin,Thomas,k.thomas@randatmail.com,)>5{>4Af
903,Kirsten,Bailey,k.bailey@randatmail.com,e*d)7hsE
904,Nicholas,Wells,n.wells@randatmail.com,Yx25(9@N
905,Briony,Cole,b.cole@randatmail.com,%cNq7U9a
906,Rosie,Stevens,r.stevens@randatmail.com,3%9rN)}=
907,Eric,Higgins,e.higgins@randatmail.com,4$bzeRk!
908,Julia,Smith,j.smith@randatmail.com,?+F&>d2d
909,Tara,Anderson,t.anderson@randatmail.com,sp4}BTMU
910,Arnold,Reed,a.reed@randatmail.com,t!x=H3cM
911,Lucy,Clark,l.clark@randatmail.com,]tZ$s.3A
912,Lana,Myers,l.myers@randatmail.com,6?B+uk$Z
913,James,Thomas,j.thomas@randatmail.com,A&PxWE5P
914,Victor,Riley,v.riley@randatmail.com,666?sMXm
915,Edith,Lloyd,e.lloyd@randatmail.com,k6U&LDaV
916,Aston,Gray,a.gray@randatmail.com,37%@Lx}C
917,Vanessa,Edwards,v.edwards@randatmail.com,mgf$6C%K
918,Annabella,Anderson,a.anderson@randatmail.com,bFb}3?sC
919,Melissa,Scott,m.scott@randatmail.com,6EqD%y}8
920,Byron,Harper,b.harper@randatmail.com,^Bx/k+5m
921,Rubie,Farrell,r.farrell@randatmail.com,5j!)zsT]
922,Jack,Andrews,j.andrews@randatmail.com,Bn4X[_@?
923,Jenna,Watson,j.watson@randatmail.com,Z2b_Y_7>
924,Edwin,Hamilton,e.hamilton@randatmail.com,_9VsGmXg
925,Amanda,Miller,a.miller@randatmail.com,h$>3BmRt
926,Chester,Spencer,c.spencer@randatmail.com,.U?5y]ab
927,Amber,Morris,a.morris@randatmail.com,46{P?{r*
928,Amanda,Richardson,a.richardson@randatmail.com,Jt6f!mLT
929,Isabella,Cameron,i.cameron@randatmail.com,3h%*(NE_
930,Abigail,Craig,a.craig@randatmail.com,vZCWy]K2
931,Sienna,Anderson,s.anderson@randatmail.com,^a{cL5xP
932,Charlotte,Campbell,c.campbell@randatmail.com,_z[[3n6X
933,George,Roberts,g.roberts@randatmail.com,p_/M]+W5
934,Adison,Carter,a.carter@randatmail.com,^d^&B95[
935,Henry,Mitchell,h.mitchell@randatmail.com,t6[{n&T!
936,Kelvin,Russell,k.russell@randatmail.com,A}kTK2vt
937,Roman,Lloyd,r.lloyd@randatmail.com,+2VSt&%}
938,Adelaide,Robinson,a.robinson@randatmail.com,CMNM4Z+e
939,Kelvin,Carter,k.carter@randatmail.com,%-9RZn*X
940,Jordan,Ferguson,j.ferguson@randatmail.com,m5[xVgg{
941,Hailey,Murphy,h.murphy@randatmail.com,Fv^mh7)}
942,Naomi,Cunningham,n.cunningham@randatmail.com,8ZvmAP{N
943,Fiona,Cameron,f.cameron@randatmail.com,bX-SP5QJ
944,Daisy,Holmes,d.holmes@randatmail.com,PA(9q/![
945,Melanie,Howard,m.howard@randatmail.com,9_C-rwM}
946,Natalie,Sullivan,n.sullivan@randatmail.com,.gZNA$h4
947,Gianna,Lloyd,g.lloyd@randatmail.com,r(*8U(gy
948,Tess,Henderson,t.henderson@randatmail.com,(?_&hJ(3
949,Amanda,Anderson,a.anderson@randatmail.com,ZCCL6^qM
950,Carina,Owens,c.owens@randatmail.com,vahw}{C7
951,Rebecca,Davis,r.davis@randatmail.com,N+_4L}z}
952,Marcus,Richardson,m.richardson@randatmail.com,3Uy@$$W[
953,Thomas,Morris,t.morris@randatmail.com,R2sQ!Wgs
954,Sydney,Barrett,s.barrett@randatmail.com,C8+yM=32
955,Abigail,Lloyd,a.lloyd@randatmail.com,7+mab@V3
956,Carina,Phillips,c.phillips@randatmail.com,]LM}n^M9
957,Jared,Carroll,j.carroll@randatmail.com,Sq[H6wKU
958,Carina,Douglas,c.douglas@randatmail.com,N&2}*Wq_
959,Maya,Douglas,m.douglas@randatmail.com,X8Sk__B5
960,Agata,Clark,a.clark@randatmail.com,3h!je3SX
961,Fiona,Ellis,f.ellis@randatmail.com,AzvN6*7}
962,Derek,Farrell,d.farrell@randatmail.com,ZT/w3&W6
963,Luke,Wilson,l.wilson@randatmail.com,.2fWt(Pr
964,Alfred,Russell,a.russell@randatmail.com,g5p26!L?
965,Derek,Morrison,d.morrison@randatmail.com,6_pPM!aK
966,Frederick,Kelly,f.kelly@randatmail.com,6_NgAELZ
967,Fiona,Clark,f.clark@randatmail.com,u=8sU%-b
968,Frederick,Hamilton,f.hamilton@randatmail.com,6@=A])cS
969,Henry,Morrison,h.morrison@randatmail.com,4%FRTCQj
970,Maddie,Lloyd,m.lloyd@randatmail.com,cvMQAx*9
971,Florrie,Ross,f.ross@randatmail.com,(A}w%n6Z
972,Oscar,Tucker,o.tucker@randatmail.com,_K^nf5A6
973,Jack,Mitchell,j.mitchell@randatmail.com,N?9nM$-[
974,Amelia,Campbell,a.campbell@randatmail.com,R{munp7A
975,Adele,Foster,a.foster@randatmail.com,T}Xyy9@*
976,Madaline,Jones,m.jones@randatmail.com,@^EuqUU7
977,Arthur,Taylor,a.taylor@randatmail.com,@K}G*K2x
978,Lyndon,Johnson,l.johnson@randatmail.com,)5-&gm!F
979,Roland,Holmes,r.holmes@randatmail.com,g]FYf4Dz
980,Maddie,Harris,m.harris@randatmail.com,K8NMe}4N
981,Brianna,Turner,b.turner@randatmail.com,_Y>4$2vq
982,Jacob,Edwards,j.edwards@randatmail.com,fUc3^?Y}
983,John,Hall,j.hall@randatmail.com,Zb3SPvB-
984,Ada,Perry,a.perry@randatmail.com,_tE9p+G]
985,Aldus,Foster,a.foster@randatmail.com,@b%8jMB!
986,Martin,Lloyd,m.lloyd@randatmail.com,Sn4M_7TH
987,Richard,Hawkins,r.hawkins@randatmail.com,^UkgD>+7
988,Melissa,Lloyd,m.lloyd@randatmail.com,FLf44F4&
989,Alina,Johnson,a.johnson@randatmail.com,D-s5jZ[k
990,Cherry,Ellis,c.ellis@randatmail.com,.L6NrzP4
991,Alissa,Russell,a.russell@randatmail.com,.>{9hKQd
992,Adele,Spencer,a.spencer@randatmail.com,^j5wr2Z!
993,Deanna,Craig,d.craig@randatmail.com,!B7{ph6c
994,Charlotte,Spencer,c.spencer@randatmail.com,mT!t6%)&
995,Luke,Scott,l.scott@randatmail.com,H)BKG9a&
996,Maximilian,Sullivan,m.sullivan@randatmail.com,?bv8vRa^
997,Connie,Edwards,c.edwards@randatmail.com,Ta$PXW4[
998,William,Nelson,w.nelson@randatmail.com,})yTw2Ch
999,Brad,Hamilton,b.hamilton@randatmail.com,xQ-4.R9.
1000,Miller,Thomas,m.thomas@randatmail.com,a/T{NM6s
